AMP releases 'A Molecular Diagnostic Perfect Storm' paper (Eurekalert),http://news.feedzilla.com/en_us/stories/science/414517506?client_source=api&format=json,"Health care providers -- those developing and delivering innovative diagnostic
tests -- along with patients, who are the ultimate intended beneficiaries, are
caught in the middle of policies imposed by FDA and CMS.

"
Active Sun At Birth Cut Historical Lifespans (Scientific American),http://news.feedzilla.com/en_us/stories/science/414757600?client_source=api&format=json,"High UV radiation during solar maxima may have degraded expectant mothers'
stores of folate, a vitamin essential to development. Christopher Intagliata
reports.


-- Read more on ScientificAmerican.com

"
Ask Slashdot: Options For Cheap Home Automation?,http://rss.slashdot.org/~r/Slashdot/slashdot/~3/TiDrkUpkItc/story01.htm,"New submitter goose-incarnated writes I'm looking at cheap and simple home automation. Unfortunately I'm not too clued up on what my options are. There are such a wide array of choices, none of which seem (to me) to be either cheap or simple. I'd like to: Turn switches on/off (lights, wall sockets, general relays, etc); Read the status of on/off switches; Read analog samples (for example, temperature sensors); 'Program' switches based on analog samples/existing switches (for example, program a relay to come on at 30C and go off at 25C, thereby controlling the temperature); Similarly, program switches to go on/off at certain times; Record the samples of analog or digital inputs for a given time . I'd like to do the above using smartphone+bluetooth (for when I'm in the vicinity of the room), or smartdevice+WiFi (for when I'm in the house, somewhere), or even in a pinch, using HTTP to access a server at home from 600km away (which is what I'm willing to do). I'm definitely not willing to stream all my requests/data/responses through a third-party so third party cloud subscription solutions, even if free, are out of the question. Finally (because I know the Slashdot crowd likes a challenge :-)), I'd like something that is easily reprogrammable without having to compile code, then reflash a device, etc. What languages for embedded devices exist for home automation programming, if any. A quick google search reveals nothing specially made for end-users to reprogram their devices, but, like I said above, I'm clueless about options.<p><div class=""share_submission"" style=""position:relative;""> <a class=""slashpop"" href=""http://twitter.com/home?status=Ask+Slashdot%3A+Options+For+Cheap+Home+Automation%3F%3A+http%3A%2F%2Fbit.ly%2F1sdxHiH""><img src=""http://a.fsdn.com/sd/twitter_icon_large.png""></a> <a class=""slashpop"" href=""http://www.facebook.com/sharer.php?u=http%3A%2F%2Fhardware.slashdot.org%2Fstory%2F15%2F01%2F09%2F1613229%2Fask-slashdot-options-for-cheap-home-automation%3Futm_source%3Dslashdot%26utm_medium%3Dfacebook""><img src=""http://a.fsdn.com/sd/facebook_icon_large.png""></a> <a class=""nobg"" href=""http://plus.google.com/share?url=http://hardware.slashdot.org/story/15/01/09/1613229/ask-slashdot-options-for-cheap-home-automation?utm_source=slashdot&amp;utm_medium=googleplus"" onclick=""javascript:window.open(this.href,'', 'menubar=no,toolbar=no,resizable=yes,scrollbars=yes,height=600,width=600');return false;""><img src=""http://www.gstatic.com/images/icons/gplus-16.png"" alt=""Share on Google+""/></a> </div></p><p><a href=""http://hardware.slashdot.org/story/15/01/09/1613229/ask-slashdot-options-for-cheap-home-automation?utm_source=rss1.0moreanon&amp;utm_medium=feed"">Read more of this story</a> at Slashdot.</p><iframe src=""http://slashdot.org/slashdot-it.pl?op=discuss&amp;id=6687247&amp;smallembed=1"" style=""height: 300px; width: 100%; border: none;""></iframe><img width='1' height='1' src='http://slashdot.feedsportal.com/c/35028/f/647410/s/422a010f/sc/4/mf.gif' border='0'/><br clear='all'/><br/><br/><a href=""http://da.feedsportal.com/r/216443641292/u/49/f/647410/c/35028/s/422a010f/sc/4/rc/1/rc.htm"" rel=""nofollow""><img src=""http://da.feedsportal.com/r/216443641292/u/49/f/647410/c/35028/s/422a010f/sc/4/rc/1/rc.img"" border=""0""/></a><br/><a href=""http://da.feedsportal.com/r/216443641292/u/49/f/647410/c/35028/s/422a010f/sc/4/rc/2/rc.htm"" rel=""nofollow""><img src=""http://da.feedsportal.com/r/216443641292/u/49/f/647410/c/35028/s/422a010f/sc/4/rc/2/rc.img"" border=""0""/></a><br/><a href=""http://da.feedsportal.com/r/216443641292/u/49/f/647410/c/35028/s/422a010f/sc/4/rc/3/rc.htm"" rel=""nofollow""><img src=""http://da.feedsportal.com/r/216443641292/u/49/f/647410/c/35028/s/422a010f/sc/4/rc/3/rc.img"" border=""0""/></a><br/><br/><a href=""http://da.feedsportal.com/r/216443641292/u/49/f/647410/c/35028/s/422a010f/sc/4/a2.htm""><img src=""http://da.feedsportal.com/r/216443641292/u/49/f/647410/c/35028/s/422a010f/sc/4/a2.img"" border=""0""/></a><img width=""1"" height=""1"" src=""http://pi.feedsportal.com/r/216443641292/u/49/f/647410/c/35028/s/422a010f/sc/4/a2t.img"" border=""0""/><img src=""//feeds.feedburner.com/~r/Slashdot/slashdot/~4/TiDrkUpkItc"" height=""1"" width=""1"" alt=""""/>"
Asus Wireless Routers Can Be Exploited By Anyone Inside the Network,http://rss.slashdot.org/~r/Slashdot/slashdot/~3/MvR1-pk-pZA/story01.htm,"An anonymous reader writes A currently unpatched bug in ASUS wireless routers has been discovered whereby users inside a network can gain full administrative control, according to recent research conducted by security firm Accuvant. Although the flaw does not allow access to external hackers, anyone within the network can take administrative control and reroute users to malicious websites, as well as holding the ability to install malicious software. The vulnerability stems from a poorly coded service, infosvr, which is used by ASUS to facilitate router configuration by automatically monitoring the local area network (LAN) and identifying other connected routers. Infosvr runs with root privileges and contains an unauthenticated command execution vulnerability, in turn permitting anyone connected to the LAN to gain control by sending a user datagram protocol (UDP) package to the router. In relevant part: The block starts off by excluding a couple of OpCode values, which presumably do not require authentication by design. Then, it calls the memcpy and suspiciously checks the return value against zero. This is highly indicative that the author intended to use memcmp instead. That said, even if this check was implemented properly, knowing the device&rsquo;s MAC address is hardly sufficient authentication,&rdquo; said Drake. Here are the technical details at GitHub.<p><div class=""share_submission"" style=""position:relative;""> <a class=""slashpop"" href=""http://twitter.com/home?status=Asus+Wireless+Routers+Can+Be+Exploited+By+Anyone+Inside+the+Network%3A+http%3A%2F%2Fbit.ly%2F1yJP1OD""><img src=""http://a.fsdn.com/sd/twitter_icon_large.png""></a> <a class=""slashpop"" href=""http://www.facebook.com/sharer.php?u=http%3A%2F%2Fit.slashdot.org%2Fstory%2F15%2F01%2F09%2F1349229%2Fasus-wireless-routers-can-be-exploited-by-anyone-inside-the-network%3Futm_source%3Dslashdot%26utm_medium%3Dfacebook""><img src=""http://a.fsdn.com/sd/facebook_icon_large.png""></a> <a class=""nobg"" href=""http://plus.google.com/share?url=http://it.slashdot.org/story/15/01/09/1349229/asus-wireless-routers-can-be-exploited-by-anyone-inside-the-network?utm_source=slashdot&amp;utm_medium=googleplus"" onclick=""javascript:window.open(this.href,'', 'menubar=no,toolbar=no,resizable=yes,scrollbars=yes,height=600,width=600');return false;""><img src=""http://www.gstatic.com/images/icons/gplus-16.png"" alt=""Share on Google+""/></a> </div></p><p><a href=""http://it.slashdot.org/story/15/01/09/1349229/asus-wireless-routers-can-be-exploited-by-anyone-inside-the-network?utm_source=rss1.0moreanon&amp;utm_medium=feed"">Read more of this story</a> at Slashdot.</p><iframe src=""http://slashdot.org/slashdot-it.pl?op=discuss&amp;id=6686569&amp;smallembed=1"" style=""height: 300px; width: 100%; border: none;""></iframe><img width='1' height='1' src='http://slashdot.feedsportal.com/c/35028/f/647410/s/42299851/sc/4/mf.gif' border='0'/><br clear='all'/><br/><br/><a href=""http://da.feedsportal.com/r/216443656712/u/49/f/647410/c/35028/s/42299851/sc/4/rc/1/rc.htm"" rel=""nofollow""><img src=""http://da.feedsportal.com/r/216443656712/u/49/f/647410/c/35028/s/42299851/sc/4/rc/1/rc.img"" border=""0""/></a><br/><a href=""http://da.feedsportal.com/r/216443656712/u/49/f/647410/c/35028/s/42299851/sc/4/rc/2/rc.htm"" rel=""nofollow""><img src=""http://da.feedsportal.com/r/216443656712/u/49/f/647410/c/35028/s/42299851/sc/4/rc/2/rc.img"" border=""0""/></a><br/><a href=""http://da.feedsportal.com/r/216443656712/u/49/f/647410/c/35028/s/42299851/sc/4/rc/3/rc.htm"" rel=""nofollow""><img src=""http://da.feedsportal.com/r/216443656712/u/49/f/647410/c/35028/s/42299851/sc/4/rc/3/rc.img"" border=""0""/></a><br/><br/><a href=""http://da.feedsportal.com/r/216443656712/u/49/f/647410/c/35028/s/42299851/sc/4/a2.htm""><img src=""http://da.feedsportal.com/r/216443656712/u/49/f/647410/c/35028/s/42299851/sc/4/a2.img"" border=""0""/></a><img width=""1"" height=""1"" src=""http://pi.feedsportal.com/r/216443656712/u/49/f/647410/c/35028/s/42299851/sc/4/a2t.img"" border=""0""/><img src=""//feeds.feedburner.com/~r/Slashdot/slashdot/~4/MvR1-pk-pZA"" height=""1"" width=""1"" alt=""""/>"
"CES 2015: WakaWaka Sheds Light On Technology, Profit, and Philanthropy (Video)",http://rss.slashdot.org/~r/Slashdot/slashdot/~3/BUefMb6hNaQ/story01.htm,"Camille van Gestel and co-founder Maurits Groen started solar-centric manufacturer WakaWaka with an explicit aim other than making money, though he's certainly not opposed to making some along the way. So it's not a non-profit, but van Gestel calls WakaWaka, which was named in a roundabout way after the Shakira song, a ""purpose-driven company,"" with that purpose being -- no exaggeration needed -- to cast light on the world. They're doing just that, with the aid of recycled materials, low-power LEDs, and efficient solar cells. As a result, one of the portable light products that the group has created has become one of the most valued possessions among people displaced by the war in Syria, and more are lighting up villages in Haiti and elsewhere. I talked with Van Gestel at this year's CES, where the company's picked up a pair of CES Innovation Awards, and he has some advice for people who'd like to turn their technical skills to philanthropic endeavors, especially ones that involve hardware or technical infrastructure. Some of it can be summed up as ""Spread the wealth, but don't do it for free."" Between ongoing feedback gathered from users, a buy-one-give-one style distribution system, and requiring participation by recipients, he says WakaWaka has been able to reach people with their solar lighting products in a way that's much more valuable than just dumping hardware on them, and along the way has gotten a lot of feedback from the buyers whose purchases subsidize the company's non-profit activities. (Alternate Video Link.)<p><div class=""share_submission"" style=""position:relative;""> <a class=""slashpop"" href=""http://twitter.com/home?status=CES+2015%3A+WakaWaka+Sheds+Light+On+Technology%2C+Profit%2C+and+Philanthropy+(Video)%3A+http%3A%2F%2Fbit.ly%2F1tTskXd""><img src=""http://a.fsdn.com/sd/twitter_icon_large.png""></a> <a class=""slashpop"" href=""http://www.facebook.com/sharer.php?u=http%3A%2F%2Fhardware.slashdot.org%2Fstory%2F15%2F01%2F09%2F156252%2Fces-2015-wakawaka-sheds-light-on-technology-profit-and-philanthropy-video%3Futm_source%3Dslashdot%26utm_medium%3Dfacebook""><img src=""http://a.fsdn.com/sd/facebook_icon_large.png""></a> <a class=""nobg"" href=""http://plus.google.com/share?url=http://hardware.slashdot.org/story/15/01/09/156252/ces-2015-wakawaka-sheds-light-on-technology-profit-and-philanthropy-video?utm_source=slashdot&amp;utm_medium=googleplus"" onclick=""javascript:window.open(this.href,'', 'menubar=no,toolbar=no,resizable=yes,scrollbars=yes,height=600,width=600');return false;""><img src=""http://www.gstatic.com/images/icons/gplus-16.png"" alt=""Share on Google+""/></a> </div></p><p><a href=""http://hardware.slashdot.org/story/15/01/09/156252/ces-2015-wakawaka-sheds-light-on-technology-profit-and-philanthropy-video?utm_source=rss1.0moreanon&amp;utm_medium=feed"">Read more of this story</a> at Slashdot.</p><iframe src=""http://slashdot.org/slashdot-it.pl?op=discuss&amp;id=6686945&amp;smallembed=1"" style=""height: 300px; width: 100%; border: none;""></iframe><img width='1' height='1' src='http://slashdot.feedsportal.com/c/35028/f/647410/s/422ac8be/sc/4/mf.gif' border='0'/><br clear='all'/><br/><br/><a href=""http://da.feedsportal.com/r/216443663094/u/49/f/647410/c/35028/s/422ac8be/sc/4/rc/1/rc.htm"" rel=""nofollow""><img src=""http://da.feedsportal.com/r/216443663094/u/49/f/647410/c/35028/s/422ac8be/sc/4/rc/1/rc.img"" border=""0""/></a><br/><a href=""http://da.feedsportal.com/r/216443663094/u/49/f/647410/c/35028/s/422ac8be/sc/4/rc/2/rc.htm"" rel=""nofollow""><img src=""http://da.feedsportal.com/r/216443663094/u/49/f/647410/c/35028/s/422ac8be/sc/4/rc/2/rc.img"" border=""0""/></a><br/><a href=""http://da.feedsportal.com/r/216443663094/u/49/f/647410/c/35028/s/422ac8be/sc/4/rc/3/rc.htm"" rel=""nofollow""><img src=""http://da.feedsportal.com/r/216443663094/u/49/f/647410/c/35028/s/422ac8be/sc/4/rc/3/rc.img"" border=""0""/></a><br/><br/><a href=""http://da.feedsportal.com/r/216443663094/u/49/f/647410/c/35028/s/422ac8be/sc/4/a2.htm""><img src=""http://da.feedsportal.com/r/216443663094/u/49/f/647410/c/35028/s/422ac8be/sc/4/a2.img"" border=""0""/></a><img width=""1"" height=""1"" src=""http://pi.feedsportal.com/r/216443663094/u/49/f/647410/c/35028/s/422ac8be/sc/4/a2t.img"" border=""0""/><img src=""//feeds.feedburner.com/~r/Slashdot/slashdot/~4/BUefMb6hNaQ"" height=""1"" width=""1"" alt=""""/>"
Call Goes Out for Mittens for Koalas with Burned Paws (Discovery),http://news.feedzilla.com/en_us/stories/science/414674041?client_source=api&format=json,"The slow-moving creatures have fallen victim to the recent bushfires in
Australia.

"
Celebrating the Next Generation of Bird Watchers [Guest Post] (Discover Magazine),http://news.feedzilla.com/en_us/stories/science/414670739?client_source=api&format=json,"This guest post by Sharman Apt Russel describes a citizen science experience
with the children in her daughter's third-grade clsasroom. the project,
Celebrate Urban Birds was one of our Top 14 Projects of 2014. Check out the
rest of the projects on that list here. Celebrate Urban Birds is also one of
more than 800 citizen science projects on SciStarter. Use our project finder
to find one that fits your interests! Public school teachers have always been
my heroes. When I first began to res

"
Closure On the Linux Lockup Bug,http://rss.slashdot.org/~r/Slashdot/slashdot/~3/xB-eZCmS434/story01.htm,"jones_supa writes: Dave Jones from Red Hat has written a wrap-up of the strange bug that has made some machines running Linux to freeze. (Previous discussion.) Right down to his final week at Red Hat before Dave gave all his hardware back, Linus Torvalds managed to reproduce similar symptoms, by scribbling directly to the HPET timer. He came up with a hack that at least made the kernel survive for him. When Dave tried the same patch, the machine ran for three days before he interrupted it, which was a promising result. The question remains, what was scribbling over the HPET in his case? The only two plausible scenarios Dave could think of were that Trinity generated 0xFED000F0 as a random address and passed that to a syscall which wrote to it, or a hardware bug. That's where the story ends for now. Linus' hacky workaround didn't get committed, but him and John Stultz continue to back and forth on hardening the clock management code in the face of screwed up hardware, so maybe soon we'll see something real get committed on that area.<p><div class=""share_submission"" style=""position:relative;""> <a class=""slashpop"" href=""http://twitter.com/home?status=Closure+On+the+Linux+Lockup+Bug%3A+http%3A%2F%2Fbit.ly%2F1BQxWQG""><img src=""http://a.fsdn.com/sd/twitter_icon_large.png""></a> <a class=""slashpop"" href=""http://www.facebook.com/sharer.php?u=http%3A%2F%2Flinux.slashdot.org%2Fstory%2F15%2F01%2F10%2F0114250%2Fclosure-on-the-linux-lockup-bug%3Futm_source%3Dslashdot%26utm_medium%3Dfacebook""><img src=""http://a.fsdn.com/sd/facebook_icon_large.png""></a> <a class=""nobg"" href=""http://plus.google.com/share?url=http://linux.slashdot.org/story/15/01/10/0114250/closure-on-the-linux-lockup-bug?utm_source=slashdot&amp;utm_medium=googleplus"" onclick=""javascript:window.open(this.href,'', 'menubar=no,toolbar=no,resizable=yes,scrollbars=yes,height=600,width=600');return false;""><img src=""http://www.gstatic.com/images/icons/gplus-16.png"" alt=""Share on Google+""/></a> </div></p><p><a href=""http://linux.slashdot.org/story/15/01/10/0114250/closure-on-the-linux-lockup-bug?utm_source=rss1.0moreanon&amp;utm_medium=feed"">Read more of this story</a> at Slashdot.</p><iframe src=""http://slashdot.org/slashdot-it.pl?op=discuss&amp;id=6689053&amp;smallembed=1"" style=""height: 300px; width: 100%; border: none;""></iframe><img width='1' height='1' src='http://slashdot.feedsportal.com/c/35028/f/647410/s/422c98ed/sc/4/mf.gif' border='0'/><br clear='all'/><br/><br/><a href=""http://da.feedsportal.com/r/216443669843/u/49/f/647410/c/35028/s/422c98ed/sc/4/rc/1/rc.htm"" rel=""nofollow""><img src=""http://da.feedsportal.com/r/216443669843/u/49/f/647410/c/35028/s/422c98ed/sc/4/rc/1/rc.img"" border=""0""/></a><br/><a href=""http://da.feedsportal.com/r/216443669843/u/49/f/647410/c/35028/s/422c98ed/sc/4/rc/2/rc.htm"" rel=""nofollow""><img src=""http://da.feedsportal.com/r/216443669843/u/49/f/647410/c/35028/s/422c98ed/sc/4/rc/2/rc.img"" border=""0""/></a><br/><a href=""http://da.feedsportal.com/r/216443669843/u/49/f/647410/c/35028/s/422c98ed/sc/4/rc/3/rc.htm"" rel=""nofollow""><img src=""http://da.feedsportal.com/r/216443669843/u/49/f/647410/c/35028/s/422c98ed/sc/4/rc/3/rc.img"" border=""0""/></a><br/><br/><a href=""http://da.feedsportal.com/r/216443669843/u/49/f/647410/c/35028/s/422c98ed/sc/4/a2.htm""><img src=""http://da.feedsportal.com/r/216443669843/u/49/f/647410/c/35028/s/422c98ed/sc/4/a2.img"" border=""0""/></a><img width=""1"" height=""1"" src=""http://pi.feedsportal.com/r/216443669843/u/49/f/647410/c/35028/s/422c98ed/sc/4/a2t.img"" border=""0""/><img src=""//feeds.feedburner.com/~r/Slashdot/slashdot/~4/xB-eZCmS434"" height=""1"" width=""1"" alt=""""/>"
Diaper Material Brings Nanoscale Resolution to Ordinary Microscopes (Scientific American),http://news.feedzilla.com/en_us/stories/science/414724967?client_source=api&format=json,"Absorbent makes brain tissue bigger, enabling optical microscopes to resolve
features down to 60 nanometers


-- Read more on ScientificAmerican.com

"
EFF Takes On Online Harassment,http://rss.slashdot.org/~r/Slashdot/slashdot/~3/W_nJ2327vwA/story01.htm,"Gamoid writes: The Electronic Frontier Foundation has identified online harassment as a major challenge facing free speech on the Internet, and lays out its plan to fix it. They say, ""Online harassment is a digital rights issue. At its worst, it causes real and lasting harms to its targets, a fact that must be central to any discussion of harassment. Unfortunately, it's not easy to craft laws or policies that will address those harms without inviting government or corporate censorship and invasions of privacy&mdash;including the privacy and free speech of targets of harassment. ... Just because the law sometimes allows a person to be a jerk (or worse) doesn&rsquo;t mean that others in the community are required to be silent or to just stand by and let people be harassed. We can and should stand up against harassment. Doing so is not censorship&mdash;it&rsquo;s being part of the fight for an inclusive and speech-supporting Internet.""<p><div class=""share_submission"" style=""position:relative;""> <a class=""slashpop"" href=""http://twitter.com/home?status=EFF+Takes+On+Online+Harassment%3A+http%3A%2F%2Fbit.ly%2F1wDyaYb""><img src=""http://a.fsdn.com/sd/twitter_icon_large.png""></a> <a class=""slashpop"" href=""http://www.facebook.com/sharer.php?u=http%3A%2F%2Fyro.slashdot.org%2Fstory%2F15%2F01%2F09%2F2044220%2Feff-takes-on-online-harassment%3Futm_source%3Dslashdot%26utm_medium%3Dfacebook""><img src=""http://a.fsdn.com/sd/facebook_icon_large.png""></a> <a class=""nobg"" href=""http://plus.google.com/share?url=http://yro.slashdot.org/story/15/01/09/2044220/eff-takes-on-online-harassment?utm_source=slashdot&amp;utm_medium=googleplus"" onclick=""javascript:window.open(this.href,'', 'menubar=no,toolbar=no,resizable=yes,scrollbars=yes,height=600,width=600');return false;""><img src=""http://www.gstatic.com/images/icons/gplus-16.png"" alt=""Share on Google+""/></a> </div></p><p><a href=""http://yro.slashdot.org/story/15/01/09/2044220/eff-takes-on-online-harassment?utm_source=rss1.0moreanon&amp;utm_medium=feed"">Read more of this story</a> at Slashdot.</p><iframe src=""http://slashdot.org/slashdot-it.pl?op=discuss&amp;id=6688465&amp;smallembed=1"" style=""height: 300px; width: 100%; border: none;""></iframe><img width='1' height='1' src='http://slashdot.feedsportal.com/c/35028/f/647410/s/422c82b2/sc/7/mf.gif' border='0'/><br clear='all'/><br/><br/><a href=""http://da.feedsportal.com/r/216443650483/u/49/f/647410/c/35028/s/422c82b2/sc/7/rc/1/rc.htm"" rel=""nofollow""><img src=""http://da.feedsportal.com/r/216443650483/u/49/f/647410/c/35028/s/422c82b2/sc/7/rc/1/rc.img"" border=""0""/></a><br/><a href=""http://da.feedsportal.com/r/216443650483/u/49/f/647410/c/35028/s/422c82b2/sc/7/rc/2/rc.htm"" rel=""nofollow""><img src=""http://da.feedsportal.com/r/216443650483/u/49/f/647410/c/35028/s/422c82b2/sc/7/rc/2/rc.img"" border=""0""/></a><br/><a href=""http://da.feedsportal.com/r/216443650483/u/49/f/647410/c/35028/s/422c82b2/sc/7/rc/3/rc.htm"" rel=""nofollow""><img src=""http://da.feedsportal.com/r/216443650483/u/49/f/647410/c/35028/s/422c82b2/sc/7/rc/3/rc.img"" border=""0""/></a><br/><br/><a href=""http://da.feedsportal.com/r/216443650483/u/49/f/647410/c/35028/s/422c82b2/sc/7/a2.htm""><img src=""http://da.feedsportal.com/r/216443650483/u/49/f/647410/c/35028/s/422c82b2/sc/7/a2.img"" border=""0""/></a><img width=""1"" height=""1"" src=""http://pi.feedsportal.com/r/216443650483/u/49/f/647410/c/35028/s/422c82b2/sc/7/a2t.img"" border=""0""/><img src=""//feeds.feedburner.com/~r/Slashdot/slashdot/~4/W_nJ2327vwA"" height=""1"" width=""1"" alt=""""/>"
Fewer Grants For Young Researchers Causing Brain Drain In Academia,http://rss.slashdot.org/~r/Slashdot/slashdot/~3/vzZPUCn5Ar0/story01.htm,"BarbaraHudson writes: Johns Hopkins University President Ronald J. Daniels has written about the decline of research grants to younger researchers. ""For more than a generation, grants for young scientists have declined. The number of principal investigators with a leading National Institutes of Health grant who are 36 years old or younger dropped from 18 percent in 1983 to 3 percent in 2010. Meanwhile, the average age when a scientist with a medical degree gets her first of these grants has risen from just under 38 years old in 1980 to more than 45 in 2013. The implications of these data for our young scientists are arresting. Without their own funding, young researchers are prevented from starting their own laboratories, pursuing their own research, and advancing their own careers in academic science. It is not surprising that many of our youngest minds are choosing to leave their positions.""<p><div class=""share_submission"" style=""position:relative;""> <a class=""slashpop"" href=""http://twitter.com/home?status=Fewer+Grants+For+Young+Researchers+Causing+Brain+Drain+In+Academia%3A+http%3A%2F%2Fbit.ly%2F1IyZHja""><img src=""http://a.fsdn.com/sd/twitter_icon_large.png""></a> <a class=""slashpop"" href=""http://www.facebook.com/sharer.php?u=http%3A%2F%2Fscience.slashdot.org%2Fstory%2F15%2F01%2F09%2F1934205%2Ffewer-grants-for-young-researchers-causing-brain-drain-in-academia%3Futm_source%3Dslashdot%26utm_medium%3Dfacebook""><img src=""http://a.fsdn.com/sd/facebook_icon_large.png""></a> <a class=""nobg"" href=""http://plus.google.com/share?url=http://science.slashdot.org/story/15/01/09/1934205/fewer-grants-for-young-researchers-causing-brain-drain-in-academia?utm_source=slashdot&amp;utm_medium=googleplus"" onclick=""javascript:window.open(this.href,'', 'menubar=no,toolbar=no,resizable=yes,scrollbars=yes,height=600,width=600');return false;""><img src=""http://www.gstatic.com/images/icons/gplus-16.png"" alt=""Share on Google+""/></a> </div></p><p><a href=""http://science.slashdot.org/story/15/01/09/1934205/fewer-grants-for-young-researchers-causing-brain-drain-in-academia?utm_source=rss1.0moreanon&amp;utm_medium=feed"">Read more of this story</a> at Slashdot.</p><iframe src=""http://slashdot.org/slashdot-it.pl?op=discuss&amp;id=6688193&amp;smallembed=1"" style=""height: 300px; width: 100%; border: none;""></iframe><img width='1' height='1' src='http://slashdot.feedsportal.com/c/35028/f/647410/s/422b7fcc/sc/36/mf.gif' border='0'/><br clear='all'/><br/><br/><a href=""http://da.feedsportal.com/r/216443716848/u/49/f/647410/c/35028/s/422b7fcc/sc/36/rc/1/rc.htm"" rel=""nofollow""><img src=""http://da.feedsportal.com/r/216443716848/u/49/f/647410/c/35028/s/422b7fcc/sc/36/rc/1/rc.img"" border=""0""/></a><br/><a href=""http://da.feedsportal.com/r/216443716848/u/49/f/647410/c/35028/s/422b7fcc/sc/36/rc/2/rc.htm"" rel=""nofollow""><img src=""http://da.feedsportal.com/r/216443716848/u/49/f/647410/c/35028/s/422b7fcc/sc/36/rc/2/rc.img"" border=""0""/></a><br/><a href=""http://da.feedsportal.com/r/216443716848/u/49/f/647410/c/35028/s/422b7fcc/sc/36/rc/3/rc.htm"" rel=""nofollow""><img src=""http://da.feedsportal.com/r/216443716848/u/49/f/647410/c/35028/s/422b7fcc/sc/36/rc/3/rc.img"" border=""0""/></a><br/><br/><a href=""http://da.feedsportal.com/r/216443716848/u/49/f/647410/c/35028/s/422b7fcc/sc/36/a2.htm""><img src=""http://da.feedsportal.com/r/216443716848/u/49/f/647410/c/35028/s/422b7fcc/sc/36/a2.img"" border=""0""/></a><img width=""1"" height=""1"" src=""http://pi.feedsportal.com/r/216443716848/u/49/f/647410/c/35028/s/422b7fcc/sc/36/a2t.img"" border=""0""/><img src=""//feeds.feedburner.com/~r/Slashdot/slashdot/~4/vzZPUCn5Ar0"" height=""1"" width=""1"" alt=""""/>"
Forget Stuxnet: Banking Trojans Attacking Power Plants,http://rss.slashdot.org/~r/Slashdot/slashdot/~3/ArhLUgTgFD8/story01.htm,"New submitter PLAR writes: Everyone's worried about the next Stuxnet sabotaging the power grid, but a security researcher says there's been a spike in traditional banking Trojan attacks against plant floor networks. The malware poses as legitimate ICS/SCADA software updates from Siemens, GE and Advantech. Kyle Wilhoit, the researcher who discovered the attacks, says the attackers appear to be after credentials and other financial information, so it looks like pure cybercrime, not nation-state activity.<p><div class=""share_submission"" style=""position:relative;""> <a class=""slashpop"" href=""http://twitter.com/home?status=Forget+Stuxnet%3A+Banking+Trojans+Attacking+Power+Plants%3A+http%3A%2F%2Fbit.ly%2F1x4B0o6""><img src=""http://a.fsdn.com/sd/twitter_icon_large.png""></a> <a class=""slashpop"" href=""http://www.facebook.com/sharer.php?u=http%3A%2F%2Fit.slashdot.org%2Fstory%2F15%2F01%2F09%2F1836203%2Fforget-stuxnet-banking-trojans-attacking-power-plants%3Futm_source%3Dslashdot%26utm_medium%3Dfacebook""><img src=""http://a.fsdn.com/sd/facebook_icon_large.png""></a> <a class=""nobg"" href=""http://plus.google.com/share?url=http://it.slashdot.org/story/15/01/09/1836203/forget-stuxnet-banking-trojans-attacking-power-plants?utm_source=slashdot&amp;utm_medium=googleplus"" onclick=""javascript:window.open(this.href,'', 'menubar=no,toolbar=no,resizable=yes,scrollbars=yes,height=600,width=600');return false;""><img src=""http://www.gstatic.com/images/icons/gplus-16.png"" alt=""Share on Google+""/></a> </div></p><p><a href=""http://it.slashdot.org/story/15/01/09/1836203/forget-stuxnet-banking-trojans-attacking-power-plants?utm_source=rss1.0moreanon&amp;utm_medium=feed"">Read more of this story</a> at Slashdot.</p><iframe src=""http://slashdot.org/slashdot-it.pl?op=discuss&amp;id=6687959&amp;smallembed=1"" style=""height: 300px; width: 100%; border: none;""></iframe><img width='1' height='1' src='http://slashdot.feedsportal.com/c/35028/f/647410/s/422aa71f/sc/21/mf.gif' border='0'/><br clear='all'/><br/><br/><a href=""http://da.feedsportal.com/r/216443644882/u/49/f/647410/c/35028/s/422aa71f/sc/21/rc/1/rc.htm"" rel=""nofollow""><img src=""http://da.feedsportal.com/r/216443644882/u/49/f/647410/c/35028/s/422aa71f/sc/21/rc/1/rc.img"" border=""0""/></a><br/><a href=""http://da.feedsportal.com/r/216443644882/u/49/f/647410/c/35028/s/422aa71f/sc/21/rc/2/rc.htm"" rel=""nofollow""><img src=""http://da.feedsportal.com/r/216443644882/u/49/f/647410/c/35028/s/422aa71f/sc/21/rc/2/rc.img"" border=""0""/></a><br/><a href=""http://da.feedsportal.com/r/216443644882/u/49/f/647410/c/35028/s/422aa71f/sc/21/rc/3/rc.htm"" rel=""nofollow""><img src=""http://da.feedsportal.com/r/216443644882/u/49/f/647410/c/35028/s/422aa71f/sc/21/rc/3/rc.img"" border=""0""/></a><br/><br/><a href=""http://da.feedsportal.com/r/216443644882/u/49/f/647410/c/35028/s/422aa71f/sc/21/a2.htm""><img src=""http://da.feedsportal.com/r/216443644882/u/49/f/647410/c/35028/s/422aa71f/sc/21/a2.img"" border=""0""/></a><img width=""1"" height=""1"" src=""http://pi.feedsportal.com/r/216443644882/u/49/f/647410/c/35028/s/422aa71f/sc/21/a2t.img"" border=""0""/><img src=""//feeds.feedburner.com/~r/Slashdot/slashdot/~4/ArhLUgTgFD8"" height=""1"" width=""1"" alt=""""/>"
Glitch In OS X Search Can Expose Private Details of Apple Mail Users,http://rss.slashdot.org/~r/Slashdot/slashdot/~3/_52GNkC2Mlc/story01.htm,"itwbennett (1594911) writes ""The potential privacy risk in Apple's OS X Yosemite, first reported by German tech news site Heise and confirmed by IDG News Service, appears when people use the Spotlight Search feature, which also indexes emails received with the Apple Mail email client. Performing a Spotlight search opens email previews that load external images, including tracking pixels that are used to gather data, even when the Mail client is asked not to do this."" From the article: A preview of the unopened emails was shown by Spotlight, which revealed to the operator of the server hosting the pixels the receiver&rsquo;s IP address, current OS version and some details about the browser used as well as the version of Quick Look, a program that let&rsquo;s users preview a document.<p><div class=""share_submission"" style=""position:relative;""> <a class=""slashpop"" href=""http://twitter.com/home?status=Glitch+In+OS+X+Search+Can+Expose+Private+Details+of+Apple+Mail+Users%3A+http%3A%2F%2Fbit.ly%2F1I2In7Q""><img src=""http://a.fsdn.com/sd/twitter_icon_large.png""></a> <a class=""slashpop"" href=""http://www.facebook.com/sharer.php?u=http%3A%2F%2Fapple.slashdot.org%2Fstory%2F15%2F01%2F09%2F1748231%2Fglitch-in-os-x-search-can-expose-private-details-of-apple-mail-users%3Futm_source%3Dslashdot%26utm_medium%3Dfacebook""><img src=""http://a.fsdn.com/sd/facebook_icon_large.png""></a> <a class=""nobg"" href=""http://plus.google.com/share?url=http://apple.slashdot.org/story/15/01/09/1748231/glitch-in-os-x-search-can-expose-private-details-of-apple-mail-users?utm_source=slashdot&amp;utm_medium=googleplus"" onclick=""javascript:window.open(this.href,'', 'menubar=no,toolbar=no,resizable=yes,scrollbars=yes,height=600,width=600');return false;""><img src=""http://www.gstatic.com/images/icons/gplus-16.png"" alt=""Share on Google+""/></a> </div></p><p><a href=""http://apple.slashdot.org/story/15/01/09/1748231/glitch-in-os-x-search-can-expose-private-details-of-apple-mail-users?utm_source=rss1.0moreanon&amp;utm_medium=feed"">Read more of this story</a> at Slashdot.</p><iframe src=""http://slashdot.org/slashdot-it.pl?op=discuss&amp;id=6687725&amp;smallembed=1"" style=""height: 300px; width: 100%; border: none;""></iframe><img width='1' height='1' src='http://slashdot.feedsportal.com/c/35028/f/647410/s/422a3032/sc/4/mf.gif' border='0'/><br clear='all'/><br/><br/><a href=""http://da.feedsportal.com/r/216443661152/u/49/f/647410/c/35028/s/422a3032/sc/4/rc/1/rc.htm"" rel=""nofollow""><img src=""http://da.feedsportal.com/r/216443661152/u/49/f/647410/c/35028/s/422a3032/sc/4/rc/1/rc.img"" border=""0""/></a><br/><a href=""http://da.feedsportal.com/r/216443661152/u/49/f/647410/c/35028/s/422a3032/sc/4/rc/2/rc.htm"" rel=""nofollow""><img src=""http://da.feedsportal.com/r/216443661152/u/49/f/647410/c/35028/s/422a3032/sc/4/rc/2/rc.img"" border=""0""/></a><br/><a href=""http://da.feedsportal.com/r/216443661152/u/49/f/647410/c/35028/s/422a3032/sc/4/rc/3/rc.htm"" rel=""nofollow""><img src=""http://da.feedsportal.com/r/216443661152/u/49/f/647410/c/35028/s/422a3032/sc/4/rc/3/rc.img"" border=""0""/></a><br/><br/><a href=""http://da.feedsportal.com/r/216443661152/u/49/f/647410/c/35028/s/422a3032/sc/4/a2.htm""><img src=""http://da.feedsportal.com/r/216443661152/u/49/f/647410/c/35028/s/422a3032/sc/4/a2.img"" border=""0""/></a><img width=""1"" height=""1"" src=""http://pi.feedsportal.com/r/216443661152/u/49/f/647410/c/35028/s/422a3032/sc/4/a2t.img"" border=""0""/><img src=""//feeds.feedburner.com/~r/Slashdot/slashdot/~4/_52GNkC2Mlc"" height=""1"" width=""1"" alt=""""/>"
Google Sees Biggest Search Traffic Drop Since 2009 As Yahoo Gains Ground,http://rss.slashdot.org/~r/Slashdot/slashdot/~3/C3p6XcHZVl8/story01.htm,"helix2301 writes: Google's grip on the Internet search market loosened in December, as the search engine saw its largest drop since 2009. That loss was Yahoo's gain, as the Marissa Mayer-helmed company added almost 2% from November to December to bring its market share back into double digits. Google's lead remains overwhelming, with just more than three-quarters of search, according to SatCounter Global Stats. Microsoft's Bing gained some momentum to take 12.5% of the market. Yahoo now has 10.4%. All other search engines combined to take 1.9%.<p><div class=""share_submission"" style=""position:relative;""> <a class=""slashpop"" href=""http://twitter.com/home?status=Google+Sees+Biggest+Search+Traffic+Drop+Since+2009+As+Yahoo+Gains+Ground%3A+http%3A%2F%2Fbit.ly%2F1yMGNFB""><img src=""http://a.fsdn.com/sd/twitter_icon_large.png""></a> <a class=""slashpop"" href=""http://www.facebook.com/sharer.php?u=http%3A%2F%2Fsearch.slashdot.org%2Fstory%2F15%2F01%2F10%2F017209%2Fgoogle-sees-biggest-search-traffic-drop-since-2009-as-yahoo-gains-ground%3Futm_source%3Dslashdot%26utm_medium%3Dfacebook""><img src=""http://a.fsdn.com/sd/facebook_icon_large.png""></a> <a class=""nobg"" href=""http://plus.google.com/share?url=http://search.slashdot.org/story/15/01/10/017209/google-sees-biggest-search-traffic-drop-since-2009-as-yahoo-gains-ground?utm_source=slashdot&amp;utm_medium=googleplus"" onclick=""javascript:window.open(this.href,'', 'menubar=no,toolbar=no,resizable=yes,scrollbars=yes,height=600,width=600');return false;""><img src=""http://www.gstatic.com/images/icons/gplus-16.png"" alt=""Share on Google+""/></a> </div></p><p><a href=""http://search.slashdot.org/story/15/01/10/017209/google-sees-biggest-search-traffic-drop-since-2009-as-yahoo-gains-ground?utm_source=rss1.0moreanon&amp;utm_medium=feed"">Read more of this story</a> at Slashdot.</p><iframe src=""http://slashdot.org/slashdot-it.pl?op=discuss&amp;id=6688979&amp;smallembed=1"" style=""height: 300px; width: 100%; border: none;""></iframe><img width='1' height='1' src='http://slashdot.feedsportal.com/c/35028/f/647410/s/422c840c/sc/2/mf.gif' border='0'/><br clear='all'/><br/><br/><a href=""http://da.feedsportal.com/r/216443650639/u/49/f/647410/c/35028/s/422c840c/sc/2/rc/1/rc.htm"" rel=""nofollow""><img src=""http://da.feedsportal.com/r/216443650639/u/49/f/647410/c/35028/s/422c840c/sc/2/rc/1/rc.img"" border=""0""/></a><br/><a href=""http://da.feedsportal.com/r/216443650639/u/49/f/647410/c/35028/s/422c840c/sc/2/rc/2/rc.htm"" rel=""nofollow""><img src=""http://da.feedsportal.com/r/216443650639/u/49/f/647410/c/35028/s/422c840c/sc/2/rc/2/rc.img"" border=""0""/></a><br/><a href=""http://da.feedsportal.com/r/216443650639/u/49/f/647410/c/35028/s/422c840c/sc/2/rc/3/rc.htm"" rel=""nofollow""><img src=""http://da.feedsportal.com/r/216443650639/u/49/f/647410/c/35028/s/422c840c/sc/2/rc/3/rc.img"" border=""0""/></a><br/><br/><a href=""http://da.feedsportal.com/r/216443650639/u/49/f/647410/c/35028/s/422c840c/sc/2/a2.htm""><img src=""http://da.feedsportal.com/r/216443650639/u/49/f/647410/c/35028/s/422c840c/sc/2/a2.img"" border=""0""/></a><img width=""1"" height=""1"" src=""http://pi.feedsportal.com/r/216443650639/u/49/f/647410/c/35028/s/422c840c/sc/2/a2t.img"" border=""0""/><img src=""//feeds.feedburner.com/~r/Slashdot/slashdot/~4/C3p6XcHZVl8"" height=""1"" width=""1"" alt=""""/>"
HTTP/2 - the IETF Is Phoning It In,http://rss.slashdot.org/~r/Slashdot/slashdot/~3/aPUVBbANG0U/story01.htm,"An anonymous reader writes HTTP/2 is back in the spotlight again. After drawing significant ire over a proposal for officially sanctioned snooping, the IETF is drawing criticism for plowing ahead with its plans for HTTP/2 on an unrealistically short schedule and with an insufficiently clear charter. A few days ago the IETF announced Last Call for comments on the HTTP/2 protocol. Poul-Henning Kamp writes, ""Some will expect a major update to the world's most popular protocol to be a technical masterpiece and textbook example for future students of protocol design. Some will expect that a protocol designed during the Snowden revelations will improve their privacy. Others will more cynically suspect the opposite. There may be a general assumption of 'faster.' Many will probably also assume it is 'greener.' And some of us are jaded enough to see the ""2.0"" and mutter 'Uh-oh, Second Systems Syndrome.' The cheat sheet answers are: no, no, probably not, maybe, no and yes."" ""Given this rather mediocre grade-sheet, you may be wondering why HTTP/2.0 is even being considered as a standard in the first place. The Answer is Politics. Google came up with the SPDY protocol, and since they have their own browser, they could play around as they choose to, optimizing the protocol for their particular needs. SPDY was a very good prototype which showed clearly that there was potential for improvement in a new version of the HTTP protocol. Kudos to Google for that. But SPDY also started to smell a lot like a 'walled garden'."" ""The IETF, obviously fearing irrelevance, hastily 'discovered' that the HTTP/1.1 protocol needed an update, and tasked a working group with preparing it on an unrealistically short schedule. This ruled out any basis for the new HTTP/2.0 other than the SPDY protocol. With only the most hideous of SPDY's warts removed, and all other attempts at improvement rejected as 'not in scope,' 'too late,' or 'no consensus,' the IETF can now claim relevance and victory by conceding practically every principle ever held dear in return for the privilege of rubber-stamping Google's initiative.""<p><div class=""share_submission"" style=""position:relative;""> <a class=""slashpop"" href=""http://twitter.com/home?status=HTTP%2F2+-+the+IETF+Is+Phoning+It+In%3A+http%3A%2F%2Fbit.ly%2F1I10uuJ""><img src=""http://a.fsdn.com/sd/twitter_icon_large.png""></a> <a class=""slashpop"" href=""http://www.facebook.com/sharer.php?u=http%3A%2F%2Ftech.slashdot.org%2Fstory%2F15%2F01%2F09%2F0118226%2Fhttp2---the-ietf-is-phoning-it-in%3Futm_source%3Dslashdot%26utm_medium%3Dfacebook""><img src=""http://a.fsdn.com/sd/facebook_icon_large.png""></a> <a class=""nobg"" href=""http://plus.google.com/share?url=http://tech.slashdot.org/story/15/01/09/0118226/http2---the-ietf-is-phoning-it-in?utm_source=slashdot&amp;utm_medium=googleplus"" onclick=""javascript:window.open(this.href,'', 'menubar=no,toolbar=no,resizable=yes,scrollbars=yes,height=600,width=600');return false;""><img src=""http://www.gstatic.com/images/icons/gplus-16.png"" alt=""Share on Google+""/></a> </div></p><p><a href=""http://tech.slashdot.org/story/15/01/09/0118226/http2---the-ietf-is-phoning-it-in?utm_source=rss1.0moreanon&amp;utm_medium=feed"">Read more of this story</a> at Slashdot.</p><iframe src=""http://slashdot.org/slashdot-it.pl?op=discuss&amp;id=6679557&amp;smallembed=1"" style=""height: 300px; width: 100%; border: none;""></iframe><img width='1' height='1' src='http://slashdot.feedsportal.com/c/35028/f/647410/s/422855cf/sc/4/mf.gif' border='0'/><br clear='all'/><br/><br/><a href=""http://da.feedsportal.com/r/216443652876/u/49/f/647410/c/35028/s/422855cf/sc/4/rc/1/rc.htm"" rel=""nofollow""><img src=""http://da.feedsportal.com/r/216443652876/u/49/f/647410/c/35028/s/422855cf/sc/4/rc/1/rc.img"" border=""0""/></a><br/><a href=""http://da.feedsportal.com/r/216443652876/u/49/f/647410/c/35028/s/422855cf/sc/4/rc/2/rc.htm"" rel=""nofollow""><img src=""http://da.feedsportal.com/r/216443652876/u/49/f/647410/c/35028/s/422855cf/sc/4/rc/2/rc.img"" border=""0""/></a><br/><a href=""http://da.feedsportal.com/r/216443652876/u/49/f/647410/c/35028/s/422855cf/sc/4/rc/3/rc.htm"" rel=""nofollow""><img src=""http://da.feedsportal.com/r/216443652876/u/49/f/647410/c/35028/s/422855cf/sc/4/rc/3/rc.img"" border=""0""/></a><br/><br/><a href=""http://da.feedsportal.com/r/216443652876/u/49/f/647410/c/35028/s/422855cf/sc/4/a2.htm""><img src=""http://da.feedsportal.com/r/216443652876/u/49/f/647410/c/35028/s/422855cf/sc/4/a2.img"" border=""0""/></a><img width=""1"" height=""1"" src=""http://pi.feedsportal.com/r/216443652876/u/49/f/647410/c/35028/s/422855cf/sc/4/a2t.img"" border=""0""/><img src=""//feeds.feedburner.com/~r/Slashdot/slashdot/~4/aPUVBbANG0U"" height=""1"" width=""1"" alt=""""/>"
"If You Can Find Orion, You Can Find Comet Lovejoy (Universe Today)",http://news.feedzilla.com/en_us/stories/science/414504215?client_source=api&format=json,"Comet Lovejoy (2014 Q2) is now visible in the night sky, and while you'll need
binoculars or a low-power telescope to see it best, the perfect window of
opportunity to see it for yourself is starting now! We've heard from some
readers that they've had some trouble spying it, but photographer Brian Moran
has snapped […]

"
"In Cat-Kicking Case, Judge Dismisses Most Serious Charge (New York Times)",http://news.feedzilla.com/en_us/stories/science/414658872?client_source=api&format=json,"A Brooklyn judge ruled there was no proof that the stray kicked by Andre
Robinson, in a notorious video posted on Facebook, had been injured.

"
"In Paris, Terrorists Kill 2 More, Take At Least 7 Hostages",http://rss.slashdot.org/~r/Slashdot/slashdot/~3/TC8HkWq8F-c/story01.htm,"As reported by The Daily Beast, news on the ongoing terror attack (or attacks) in Paris. Ch&#233;rif and Sa&#239;d Kouachi, who are accused of slaughtering 12 in an attack on Charlie Hebdo magazine, have been cornered by hundreds of security officials close to Charles de Gaulle Airport, north of Paris. Officials say they believe the heavily armed brothers are holding one hostage. Twenty miles south, in the east of the city, at least one gunman is believed to have taken six hostages at a Jewish store. Police suspect that the third gunman is the same man who shot and killed a policewoman on Thursday morning before escaping in a bulletproof vest. Update: 01/09 17:44 GMT by T : And now all three of the gunmen involved in today's hostage taking are dead. Watch this space for updates. Update: 01/09 17:15 GMT by T : CNN's story features a stream of updates (and an autoplaying video ad to beware), as does The Telegraph. Latest news is that brothers Cherif and Said Kouachi have been killed by police, but it's unclear whether the same is true of the third hostage-taker.<p><div class=""share_submission"" style=""position:relative;""> <a class=""slashpop"" href=""http://twitter.com/home?status=In+Paris%2C+Terrorists+Kill+2+More%2C+Take+At+Least+7+Hostages%3A+http%3A%2F%2Fbit.ly%2F1DGa1oJ""><img src=""http://a.fsdn.com/sd/twitter_icon_large.png""></a> <a class=""slashpop"" href=""http://www.facebook.com/sharer.php?u=http%3A%2F%2Fnews.slashdot.org%2Fstory%2F15%2F01%2F09%2F1620226%2Fin-paris-terrorists-kill-2-more-take-at-least-7-hostages%3Futm_source%3Dslashdot%26utm_medium%3Dfacebook""><img src=""http://a.fsdn.com/sd/facebook_icon_large.png""></a> <a class=""nobg"" href=""http://plus.google.com/share?url=http://news.slashdot.org/story/15/01/09/1620226/in-paris-terrorists-kill-2-more-take-at-least-7-hostages?utm_source=slashdot&amp;utm_medium=googleplus"" onclick=""javascript:window.open(this.href,'', 'menubar=no,toolbar=no,resizable=yes,scrollbars=yes,height=600,width=600');return false;""><img src=""http://www.gstatic.com/images/icons/gplus-16.png"" alt=""Share on Google+""/></a> </div></p><p><a href=""http://news.slashdot.org/story/15/01/09/1620226/in-paris-terrorists-kill-2-more-take-at-least-7-hostages?utm_source=rss1.0moreanon&amp;utm_medium=feed"">Read more of this story</a> at Slashdot.</p><iframe src=""http://slashdot.org/slashdot-it.pl?op=discuss&amp;id=6687271&amp;smallembed=1"" style=""height: 300px; width: 100%; border: none;""></iframe><img width='1' height='1' src='http://slashdot.feedsportal.com/c/35028/f/647410/s/4229ca9e/sc/11/mf.gif' border='0'/><br clear='all'/><br/><br/><a href=""http://da.feedsportal.com/r/216443711065/u/49/f/647410/c/35028/s/4229ca9e/sc/11/rc/1/rc.htm"" rel=""nofollow""><img src=""http://da.feedsportal.com/r/216443711065/u/49/f/647410/c/35028/s/4229ca9e/sc/11/rc/1/rc.img"" border=""0""/></a><br/><a href=""http://da.feedsportal.com/r/216443711065/u/49/f/647410/c/35028/s/4229ca9e/sc/11/rc/2/rc.htm"" rel=""nofollow""><img src=""http://da.feedsportal.com/r/216443711065/u/49/f/647410/c/35028/s/4229ca9e/sc/11/rc/2/rc.img"" border=""0""/></a><br/><a href=""http://da.feedsportal.com/r/216443711065/u/49/f/647410/c/35028/s/4229ca9e/sc/11/rc/3/rc.htm"" rel=""nofollow""><img src=""http://da.feedsportal.com/r/216443711065/u/49/f/647410/c/35028/s/4229ca9e/sc/11/rc/3/rc.img"" border=""0""/></a><br/><br/><a href=""http://da.feedsportal.com/r/216443711065/u/49/f/647410/c/35028/s/4229ca9e/sc/11/a2.htm""><img src=""http://da.feedsportal.com/r/216443711065/u/49/f/647410/c/35028/s/4229ca9e/sc/11/a2.img"" border=""0""/></a><img width=""1"" height=""1"" src=""http://pi.feedsportal.com/r/216443711065/u/49/f/647410/c/35028/s/4229ca9e/sc/11/a2t.img"" border=""0""/><img src=""//feeds.feedburner.com/~r/Slashdot/slashdot/~4/TC8HkWq8F-c"" height=""1"" width=""1"" alt=""""/>"
Inside North Korea's Naenara Browser,http://rss.slashdot.org/~r/Slashdot/slashdot/~3/-z_hdZ18tG4/story01.htm,"msm1267 (2804139) writes with this excerpt from Threatpost Up until a few weeks ago, the number of people outside of North Korea who gave much thought to the Internet infrastructure in that country was vanishingly small. But the speculation about the Sony hack has fixed that, and now a security researcher has taken a hard look at the national browser used in North Korea and found more than a little weirdness. The Naenara browser is part of the Red Star operating system used in North Korea and it's a derivative of an outdated version of Mozilla Firefox. The country is known to tightly control the communications and activities of its citizens and that extends online, as well. Robert Hansen, vice president of WhiteHat Labs at WhiteHat Security, and an accomplished security researcher, recently got a copy of Naenara and began looking at its behavior, and he immediately realized that every time the browser loads, its first move is to make a request to a non-routable IP address, http://10.76.1.11./ That address is not reachable from networks outside the DPRK. ""Here's where things start to go off the rails: what this means is that all of the DPRK's national network is non-routable IP space. You heard me; they're treating their entire country like some small to medium business might treat their corporate office,"" Hansen wrote in a blog post detailing his findings. ""The entire country of North Korea is sitting on one class A network (16,777,216 addresses). I was always under the impression they were just pretending that they owned large blocks of public IP space from a networking perspective, blocking everything and selectively turning on outbound traffic via access control lists.""<p><div class=""share_submission"" style=""position:relative;""> <a class=""slashpop"" href=""http://twitter.com/home?status=Inside+North+Korea's+Naenara+Browser%3A+http%3A%2F%2Fbit.ly%2F1tQVd0q""><img src=""http://a.fsdn.com/sd/twitter_icon_large.png""></a> <a class=""slashpop"" href=""http://www.facebook.com/sharer.php?u=http%3A%2F%2Fyro.slashdot.org%2Fstory%2F15%2F01%2F09%2F1544211%2Finside-north-koreas-naenara-browser%3Futm_source%3Dslashdot%26utm_medium%3Dfacebook""><img src=""http://a.fsdn.com/sd/facebook_icon_large.png""></a> <a class=""nobg"" href=""http://plus.google.com/share?url=http://yro.slashdot.org/story/15/01/09/1544211/inside-north-koreas-naenara-browser?utm_source=slashdot&amp;utm_medium=googleplus"" onclick=""javascript:window.open(this.href,'', 'menubar=no,toolbar=no,resizable=yes,scrollbars=yes,height=600,width=600');return false;""><img src=""http://www.gstatic.com/images/icons/gplus-16.png"" alt=""Share on Google+""/></a> </div></p><p><a href=""http://yro.slashdot.org/story/15/01/09/1544211/inside-north-koreas-naenara-browser?utm_source=rss1.0moreanon&amp;utm_medium=feed"">Read more of this story</a> at Slashdot.</p><iframe src=""http://slashdot.org/slashdot-it.pl?op=discuss&amp;id=6687101&amp;smallembed=1"" style=""height: 300px; width: 100%; border: none;""></iframe><img width='1' height='1' src='http://slashdot.feedsportal.com/c/35028/f/647410/s/4229bee4/sc/46/mf.gif' border='0'/><br clear='all'/><br/><br/><a href=""http://da.feedsportal.com/r/216443709649/u/49/f/647410/c/35028/s/4229bee4/sc/46/rc/1/rc.htm"" rel=""nofollow""><img src=""http://da.feedsportal.com/r/216443709649/u/49/f/647410/c/35028/s/4229bee4/sc/46/rc/1/rc.img"" border=""0""/></a><br/><a href=""http://da.feedsportal.com/r/216443709649/u/49/f/647410/c/35028/s/4229bee4/sc/46/rc/2/rc.htm"" rel=""nofollow""><img src=""http://da.feedsportal.com/r/216443709649/u/49/f/647410/c/35028/s/4229bee4/sc/46/rc/2/rc.img"" border=""0""/></a><br/><a href=""http://da.feedsportal.com/r/216443709649/u/49/f/647410/c/35028/s/4229bee4/sc/46/rc/3/rc.htm"" rel=""nofollow""><img src=""http://da.feedsportal.com/r/216443709649/u/49/f/647410/c/35028/s/4229bee4/sc/46/rc/3/rc.img"" border=""0""/></a><br/><br/><a href=""http://da.feedsportal.com/r/216443709649/u/49/f/647410/c/35028/s/4229bee4/sc/46/a2.htm""><img src=""http://da.feedsportal.com/r/216443709649/u/49/f/647410/c/35028/s/4229bee4/sc/46/a2.img"" border=""0""/></a><img width=""1"" height=""1"" src=""http://pi.feedsportal.com/r/216443709649/u/49/f/647410/c/35028/s/4229bee4/sc/46/a2t.img"" border=""0""/><img src=""//feeds.feedburner.com/~r/Slashdot/slashdot/~4/-z_hdZ18tG4"" height=""1"" width=""1"" alt=""""/>"
Intel 5th Gen Core Series Performance Preview With 2015 Dell XPS 13,http://rss.slashdot.org/~r/Slashdot/slashdot/~3/D9kANG4N9CQ/story01.htm,"MojoKid writes: Intel's strategically timed CES 2015 launch of their new 5th Gen Core Series processors for notebooks was met with a reasonably warm reception, though it's always difficult to rise above the noise of CES chatter. Performance claims for Intel's new chip promise major gains in graphics and more modest increases in standard compute applications. However, the biggest bet Intel placed on the new Broadwell-U architecture is performance-per-watt throughput and battery life in premium notebook products that are now in production with major OEM partners. A few manufacturers were early out of the gate with new Core i5 5XXX series-based machines, however, none of the major players caught the same kind of buzz that Dell received, with the introduction of their new XPS 13 Ultrabook with its near bezel-less 13-inch WQHD (3200X1800) display. As expected, the Core i5-5200U in this machine offered performance gains of anywhere from 10 to 20 percent, in round numbers, depending on the benchmark. In gaming and graphics testing is where the new 5200U chip took the largest lead over the previous gen Core i5-4200U CPU, which is one of the most common processors found in typical ultrabook style 13-inch machines.<p><div class=""share_submission"" style=""position:relative;""> <a class=""slashpop"" href=""http://twitter.com/home?status=Intel+5th+Gen+Core+Series+Performance+Preview+With+2015+Dell+XPS+13%3A+http%3A%2F%2Fbit.ly%2F1BXpD61""><img src=""http://a.fsdn.com/sd/twitter_icon_large.png""></a> <a class=""slashpop"" href=""http://www.facebook.com/sharer.php?u=http%3A%2F%2Fhardware.slashdot.org%2Fstory%2F15%2F01%2F10%2F0117214%2Fintel-5th-gen-core-series-performance-preview-with-2015-dell-xps-13%3Futm_source%3Dslashdot%26utm_medium%3Dfacebook""><img src=""http://a.fsdn.com/sd/facebook_icon_large.png""></a> <a class=""nobg"" href=""http://plus.google.com/share?url=http://hardware.slashdot.org/story/15/01/10/0117214/intel-5th-gen-core-series-performance-preview-with-2015-dell-xps-13?utm_source=slashdot&amp;utm_medium=googleplus"" onclick=""javascript:window.open(this.href,'', 'menubar=no,toolbar=no,resizable=yes,scrollbars=yes,height=600,width=600');return false;""><img src=""http://www.gstatic.com/images/icons/gplus-16.png"" alt=""Share on Google+""/></a> </div></p><p><a href=""http://hardware.slashdot.org/story/15/01/10/0117214/intel-5th-gen-core-series-performance-preview-with-2015-dell-xps-13?utm_source=rss1.0moreanon&amp;utm_medium=feed"">Read more of this story</a> at Slashdot.</p><iframe src=""http://slashdot.org/slashdot-it.pl?op=discuss&amp;id=6689067&amp;smallembed=1"" style=""height: 300px; width: 100%; border: none;""></iframe><img width='1' height='1' src='http://slashdot.feedsportal.com/c/35028/f/647410/s/422c7b65/sc/28/mf.gif' border='0'/><br clear='all'/><br/><br/><a href=""http://da.feedsportal.com/r/216443660118/u/49/f/647410/c/35028/s/422c7b65/sc/28/rc/1/rc.htm"" rel=""nofollow""><img src=""http://da.feedsportal.com/r/216443660118/u/49/f/647410/c/35028/s/422c7b65/sc/28/rc/1/rc.img"" border=""0""/></a><br/><a href=""http://da.feedsportal.com/r/216443660118/u/49/f/647410/c/35028/s/422c7b65/sc/28/rc/2/rc.htm"" rel=""nofollow""><img src=""http://da.feedsportal.com/r/216443660118/u/49/f/647410/c/35028/s/422c7b65/sc/28/rc/2/rc.img"" border=""0""/></a><br/><a href=""http://da.feedsportal.com/r/216443660118/u/49/f/647410/c/35028/s/422c7b65/sc/28/rc/3/rc.htm"" rel=""nofollow""><img src=""http://da.feedsportal.com/r/216443660118/u/49/f/647410/c/35028/s/422c7b65/sc/28/rc/3/rc.img"" border=""0""/></a><br/><br/><a href=""http://da.feedsportal.com/r/216443660118/u/49/f/647410/c/35028/s/422c7b65/sc/28/a2.htm""><img src=""http://da.feedsportal.com/r/216443660118/u/49/f/647410/c/35028/s/422c7b65/sc/28/a2.img"" border=""0""/></a><img width=""1"" height=""1"" src=""http://pi.feedsportal.com/r/216443660118/u/49/f/647410/c/35028/s/422c7b65/sc/28/a2t.img"" border=""0""/><img src=""//feeds.feedburner.com/~r/Slashdot/slashdot/~4/D9kANG4N9CQ"" height=""1"" width=""1"" alt=""""/>"
It’s Time to Take Drug Trial Participation Seriously (bioethicscom),http://news.feedzilla.com/en_us/stories/science/414669884?client_source=api&format=json,"(New Scientists) - But developing drugs is excruciatingly expensive – and
increasingly so. The cost of bringing a new compound to the market is now
around $2.5 billion, twice as much in real terms as it was a decade ago. …
Read More

"
"Japan reorients space effort to bolster security, drive exports (reuters)",http://news.feedzilla.com/en_us/stories/science/414652934?client_source=api&format=json,"TOKYO (Reuters) - Japan is shifting its space program toward potential
military uses in a new policy hailed on Friday as a ""historic turning point""
by Prime Minister Shinzo Abe, who wants to strengthen defence and boost
exports.







"
Japan: Want people to save energy? Just ask nicely. (It works) (climateark),http://news.feedzilla.com/en_us/stories/science/414670571?client_source=api&format=json,"Washington Post: In October, we described an experiment that tried peer
pressuring Americans into conserving electricity during peak hours. (Here’s
why that’s important.) On high-demand days, a company called Opower telephoned
people to remind them to cut back on their energy use. Each time, it followed
up with e-mails telling people how much they saved compared with their
neighbors. Perhaps it was peer pressure, or perhaps it was the telephone calls
themselves that did the trick. Either way, people on those days...

"
Lizard Stresser DDoS-for-Hire Service Built On Hacked Home Routers,http://rss.slashdot.org/~r/Slashdot/slashdot/~3/jCksMebljdg/story01.htm,"tsu doh nimh writes: The online attack service launched late last year by the same criminals who knocked Sony and Microsoft's gaming networks offline over the holidays is powered mostly by thousands of hacked home Internet routers, reports Brian Krebs. From the story: ""The malicious code that converts vulnerable systems into stresser bots is a variation on a piece of rather crude malware first documented in November by Russian security firm Dr. Web, but the malware itself appears to date back to early 2014. As we can see in that writeup, in addition to turning the infected host into attack zombies, the malicious code uses the infected system to scan the Internet for additional devices that also allow access via factory default credentials, such as 'admin/admin,' or 'root/12345.' In this way, each infected host is constantly trying to spread the infection to new home routers and other devices accepting incoming connections (via telnet) with default credentials.<p><div class=""share_submission"" style=""position:relative;""> <a class=""slashpop"" href=""http://twitter.com/home?status=Lizard+Stresser+DDoS-for-Hire+Service+Built+On+Hacked+Home+Routers%3A+http%3A%2F%2Fbit.ly%2F1xZ4hrk""><img src=""http://a.fsdn.com/sd/twitter_icon_large.png""></a> <a class=""slashpop"" href=""http://www.facebook.com/sharer.php?u=http%3A%2F%2Fit.slashdot.org%2Fstory%2F15%2F01%2F09%2F1936214%2Flizard-stresser-ddos-for-hire-service-built-on-hacked-home-routers%3Futm_source%3Dslashdot%26utm_medium%3Dfacebook""><img src=""http://a.fsdn.com/sd/facebook_icon_large.png""></a> <a class=""nobg"" href=""http://plus.google.com/share?url=http://it.slashdot.org/story/15/01/09/1936214/lizard-stresser-ddos-for-hire-service-built-on-hacked-home-routers?utm_source=slashdot&amp;utm_medium=googleplus"" onclick=""javascript:window.open(this.href,'', 'menubar=no,toolbar=no,resizable=yes,scrollbars=yes,height=600,width=600');return false;""><img src=""http://www.gstatic.com/images/icons/gplus-16.png"" alt=""Share on Google+""/></a> </div></p><p><a href=""http://it.slashdot.org/story/15/01/09/1936214/lizard-stresser-ddos-for-hire-service-built-on-hacked-home-routers?utm_source=rss1.0moreanon&amp;utm_medium=feed"">Read more of this story</a> at Slashdot.</p><iframe src=""http://slashdot.org/slashdot-it.pl?op=discuss&amp;id=6688205&amp;smallembed=1"" style=""height: 300px; width: 100%; border: none;""></iframe><img width='1' height='1' src='http://slashdot.feedsportal.com/c/35028/f/647410/s/422b7488/sc/4/mf.gif' border='0'/><br clear='all'/><br/><br/><a href=""http://da.feedsportal.com/r/216443664909/u/49/f/647410/c/35028/s/422b7488/sc/4/rc/1/rc.htm"" rel=""nofollow""><img src=""http://da.feedsportal.com/r/216443664909/u/49/f/647410/c/35028/s/422b7488/sc/4/rc/1/rc.img"" border=""0""/></a><br/><a href=""http://da.feedsportal.com/r/216443664909/u/49/f/647410/c/35028/s/422b7488/sc/4/rc/2/rc.htm"" rel=""nofollow""><img src=""http://da.feedsportal.com/r/216443664909/u/49/f/647410/c/35028/s/422b7488/sc/4/rc/2/rc.img"" border=""0""/></a><br/><a href=""http://da.feedsportal.com/r/216443664909/u/49/f/647410/c/35028/s/422b7488/sc/4/rc/3/rc.htm"" rel=""nofollow""><img src=""http://da.feedsportal.com/r/216443664909/u/49/f/647410/c/35028/s/422b7488/sc/4/rc/3/rc.img"" border=""0""/></a><br/><br/><a href=""http://da.feedsportal.com/r/216443664909/u/49/f/647410/c/35028/s/422b7488/sc/4/a2.htm""><img src=""http://da.feedsportal.com/r/216443664909/u/49/f/647410/c/35028/s/422b7488/sc/4/a2.img"" border=""0""/></a><img width=""1"" height=""1"" src=""http://pi.feedsportal.com/r/216443664909/u/49/f/647410/c/35028/s/422b7488/sc/4/a2t.img"" border=""0""/><img src=""//feeds.feedburner.com/~r/Slashdot/slashdot/~4/jCksMebljdg"" height=""1"" width=""1"" alt=""""/>"
Making Evolution Make Microbes Make Products (Scientific American),http://news.feedzilla.com/en_us/stories/science/414545637?client_source=api&format=json,"By selecting for bacteria that can survive only if they make a particular
product of interest over multiple iterations, researchers vastly improved
yields and decreased production times. Cynthia...


-- Read more on ScientificAmerican.com

"
Matter: Unraveling the Key to a Cold Virus’s Effectiveness (NY Times),http://news.feedzilla.com/en_us/stories/science/414505370?client_source=api&format=json,"New research suggests that lower temperatures help rhinoviruses get past the
immune system.







"
Memo to Carmakers: This Fish Is a Bad Model (Discover Magazine),http://news.feedzilla.com/en_us/stories/science/414682300?client_source=api&format=json,"In 2005, Mercedes-Benz revealed a concept car with a strange shape. Called the
Bionic, the cartoonishly snub-nosed vehicle was modeled after Ostracion
cubicus, the yellow boxfish. Car manufacturers aren't the only ones to take
inspiration from this weird coral dweller. But researchers now say engineers
who mimicked the boxfish might have been misled. Shaping the car like a
boxfish was supposed to make it aerodynamic. And the fish's allegedly low drag
underwater wasn't its only interesting

"
Microsoft Restricts Advanced Notification of Patch Tuesday Updates,http://rss.slashdot.org/~r/Slashdot/slashdot/~3/vCCmZ7k2JHQ/story01.htm,"wiredmikey writes Microsoft has decided to ditch its tradition of publicly publishing information about upcoming patches the Thursday before Patch Tuesday. The decision represents a drastic change for the company's Advance Notification Service (ANS), which was created more than a decade ago to communicate information about security updates before they were released. However, Microsoft's ""Premier customers"" who still want to receive information about upcoming patches will be able to get the information through their Technical Account Manager support representatives, Microsoft said.<p><div class=""share_submission"" style=""position:relative;""> <a class=""slashpop"" href=""http://twitter.com/home?status=Microsoft+Restricts+Advanced+Notification+of+Patch+Tuesday+Updates%3A+http%3A%2F%2Fbit.ly%2F1BOApuV""><img src=""http://a.fsdn.com/sd/twitter_icon_large.png""></a> <a class=""slashpop"" href=""http://www.facebook.com/sharer.php?u=http%3A%2F%2Ftech.slashdot.org%2Fstory%2F15%2F01%2F09%2F1351206%2Fmicrosoft-restricts-advanced-notification-of-patch-tuesday-updates%3Futm_source%3Dslashdot%26utm_medium%3Dfacebook""><img src=""http://a.fsdn.com/sd/facebook_icon_large.png""></a> <a class=""nobg"" href=""http://plus.google.com/share?url=http://tech.slashdot.org/story/15/01/09/1351206/microsoft-restricts-advanced-notification-of-patch-tuesday-updates?utm_source=slashdot&amp;utm_medium=googleplus"" onclick=""javascript:window.open(this.href,'', 'menubar=no,toolbar=no,resizable=yes,scrollbars=yes,height=600,width=600');return false;""><img src=""http://www.gstatic.com/images/icons/gplus-16.png"" alt=""Share on Google+""/></a> </div></p><p><a href=""http://tech.slashdot.org/story/15/01/09/1351206/microsoft-restricts-advanced-notification-of-patch-tuesday-updates?utm_source=rss1.0moreanon&amp;utm_medium=feed"">Read more of this story</a> at Slashdot.</p><iframe src=""http://slashdot.org/slashdot-it.pl?op=discuss&amp;id=6686581&amp;smallembed=1"" style=""height: 300px; width: 100%; border: none;""></iframe><img width='1' height='1' src='http://slashdot.feedsportal.com/c/35028/f/647410/s/4228a590/sc/4/mf.gif' border='0'/><br clear='all'/><br/><br/><a href=""http://da.feedsportal.com/r/216443636881/u/49/f/647410/c/35028/s/4228a590/sc/4/rc/1/rc.htm"" rel=""nofollow""><img src=""http://da.feedsportal.com/r/216443636881/u/49/f/647410/c/35028/s/4228a590/sc/4/rc/1/rc.img"" border=""0""/></a><br/><a href=""http://da.feedsportal.com/r/216443636881/u/49/f/647410/c/35028/s/4228a590/sc/4/rc/2/rc.htm"" rel=""nofollow""><img src=""http://da.feedsportal.com/r/216443636881/u/49/f/647410/c/35028/s/4228a590/sc/4/rc/2/rc.img"" border=""0""/></a><br/><a href=""http://da.feedsportal.com/r/216443636881/u/49/f/647410/c/35028/s/4228a590/sc/4/rc/3/rc.htm"" rel=""nofollow""><img src=""http://da.feedsportal.com/r/216443636881/u/49/f/647410/c/35028/s/4228a590/sc/4/rc/3/rc.img"" border=""0""/></a><br/><br/><a href=""http://da.feedsportal.com/r/216443636881/u/49/f/647410/c/35028/s/4228a590/sc/4/a2.htm""><img src=""http://da.feedsportal.com/r/216443636881/u/49/f/647410/c/35028/s/4228a590/sc/4/a2.img"" border=""0""/></a><img width=""1"" height=""1"" src=""http://pi.feedsportal.com/r/216443636881/u/49/f/647410/c/35028/s/4228a590/sc/4/a2t.img"" border=""0""/><img src=""//feeds.feedburner.com/~r/Slashdot/slashdot/~4/vCCmZ7k2JHQ"" height=""1"" width=""1"" alt=""""/>"
NASA's Asteroid Redirect Mission May Not Actually Redirect an Asteroid,http://rss.slashdot.org/~r/Slashdot/slashdot/~3/foDwDpRGPfg/story01.htm,"MarkWhittington writes: When President Obama first proposed visiting an asteroid in his 2010 speech at the Kennedy Space Center, many assumed that the mission would be a deep space mission to an Earth-approaching asteroid in its ""native orbit"" in voyage taking weeks. Then, NASA dropped the idea in 2013 favor of the Asteroid Redirect Mission in which a tiny asteroid would be diverted to lunar orbit to be visited by astronauts. Now, according to a Thursday story in Space News, the ARM might take place without redirecting an asteroid.<p><div class=""share_submission"" style=""position:relative;""> <a class=""slashpop"" href=""http://twitter.com/home?status=NASA's+Asteroid+Redirect+Mission+May+Not+Actually+Redirect+an+Asteroid%3A+http%3A%2F%2Fbit.ly%2F1xR8c7M""><img src=""http://a.fsdn.com/sd/twitter_icon_large.png""></a> <a class=""slashpop"" href=""http://www.facebook.com/sharer.php?u=http%3A%2F%2Fscience.slashdot.org%2Fstory%2F15%2F01%2F09%2F2038241%2Fnasas-asteroid-redirect-mission-may-not-actually-redirect-an-asteroid%3Futm_source%3Dslashdot%26utm_medium%3Dfacebook""><img src=""http://a.fsdn.com/sd/facebook_icon_large.png""></a> <a class=""nobg"" href=""http://plus.google.com/share?url=http://science.slashdot.org/story/15/01/09/2038241/nasas-asteroid-redirect-mission-may-not-actually-redirect-an-asteroid?utm_source=slashdot&amp;utm_medium=googleplus"" onclick=""javascript:window.open(this.href,'', 'menubar=no,toolbar=no,resizable=yes,scrollbars=yes,height=600,width=600');return false;""><img src=""http://www.gstatic.com/images/icons/gplus-16.png"" alt=""Share on Google+""/></a> </div></p><p><a href=""http://science.slashdot.org/story/15/01/09/2038241/nasas-asteroid-redirect-mission-may-not-actually-redirect-an-asteroid?utm_source=rss1.0moreanon&amp;utm_medium=feed"">Read more of this story</a> at Slashdot.</p><iframe src=""http://slashdot.org/slashdot-it.pl?op=discuss&amp;id=6688439&amp;smallembed=1"" style=""height: 300px; width: 100%; border: none;""></iframe><img width='1' height='1' src='http://slashdot.feedsportal.com/c/35028/f/647410/s/422b7ae7/sc/38/mf.gif' border='0'/><br clear='all'/><br/><br/><a href=""http://da.feedsportal.com/r/216443665755/u/49/f/647410/c/35028/s/422b7ae7/sc/38/rc/1/rc.htm"" rel=""nofollow""><img src=""http://da.feedsportal.com/r/216443665755/u/49/f/647410/c/35028/s/422b7ae7/sc/38/rc/1/rc.img"" border=""0""/></a><br/><a href=""http://da.feedsportal.com/r/216443665755/u/49/f/647410/c/35028/s/422b7ae7/sc/38/rc/2/rc.htm"" rel=""nofollow""><img src=""http://da.feedsportal.com/r/216443665755/u/49/f/647410/c/35028/s/422b7ae7/sc/38/rc/2/rc.img"" border=""0""/></a><br/><a href=""http://da.feedsportal.com/r/216443665755/u/49/f/647410/c/35028/s/422b7ae7/sc/38/rc/3/rc.htm"" rel=""nofollow""><img src=""http://da.feedsportal.com/r/216443665755/u/49/f/647410/c/35028/s/422b7ae7/sc/38/rc/3/rc.img"" border=""0""/></a><br/><br/><a href=""http://da.feedsportal.com/r/216443665755/u/49/f/647410/c/35028/s/422b7ae7/sc/38/a2.htm""><img src=""http://da.feedsportal.com/r/216443665755/u/49/f/647410/c/35028/s/422b7ae7/sc/38/a2.img"" border=""0""/></a><img width=""1"" height=""1"" src=""http://pi.feedsportal.com/r/216443665755/u/49/f/647410/c/35028/s/422b7ae7/sc/38/a2t.img"" border=""0""/><img src=""//feeds.feedburner.com/~r/Slashdot/slashdot/~4/foDwDpRGPfg"" height=""1"" width=""1"" alt=""""/>"
New Implant Lets Paralyzed Rats Walk Again,http://rss.slashdot.org/~r/Slashdot/slashdot/~3/W0lBvOxASaA/story01.htm,"An anonymous reader writes A team from EPFL and NCCR Robotics led by Profs St&#233;phanie Lacour, Gr&#233;goire Courtine and Silvestro Micera published an article in Science today describing their e-dura implant that could revolutionize how we think about and treat paralysis. Until now, implants placed beneath the dura mater of the spinal cord have caused significant tissue damage when used over long periods. Research shows that the new e-dura implant is viable for months at a time in animal subjects. The team is now moving on to clinical trials in human subjects and is developing their prototype to take to market.<p><div class=""share_submission"" style=""position:relative;""> <a class=""slashpop"" href=""http://twitter.com/home?status=New+Implant+Lets+Paralyzed+Rats+Walk+Again%3A+http%3A%2F%2Fbit.ly%2F1yHisB6""><img src=""http://a.fsdn.com/sd/twitter_icon_large.png""></a> <a class=""slashpop"" href=""http://www.facebook.com/sharer.php?u=http%3A%2F%2Fscience.slashdot.org%2Fstory%2F15%2F01%2F08%2F2315202%2Fnew-implant-lets-paralyzed-rats-walk-again%3Futm_source%3Dslashdot%26utm_medium%3Dfacebook""><img src=""http://a.fsdn.com/sd/facebook_icon_large.png""></a> <a class=""nobg"" href=""http://plus.google.com/share?url=http://science.slashdot.org/story/15/01/08/2315202/new-implant-lets-paralyzed-rats-walk-again?utm_source=slashdot&amp;utm_medium=googleplus"" onclick=""javascript:window.open(this.href,'', 'menubar=no,toolbar=no,resizable=yes,scrollbars=yes,height=600,width=600');return false;""><img src=""http://www.gstatic.com/images/icons/gplus-16.png"" alt=""Share on Google+""/></a> </div></p><p><a href=""http://science.slashdot.org/story/15/01/08/2315202/new-implant-lets-paralyzed-rats-walk-again?utm_source=rss1.0moreanon&amp;utm_medium=feed"">Read more of this story</a> at Slashdot.</p><iframe src=""http://slashdot.org/slashdot-it.pl?op=discuss&amp;id=6679219&amp;smallembed=1"" style=""height: 300px; width: 100%; border: none;""></iframe><img width='1' height='1' src='http://slashdot.feedsportal.com/c/35028/f/647410/s/4226a01d/sc/14/mf.gif' border='0'/><br clear='all'/><br/><br/><a href=""http://da.feedsportal.com/r/216443697256/u/49/f/647410/c/35028/s/4226a01d/sc/14/rc/1/rc.htm"" rel=""nofollow""><img src=""http://da.feedsportal.com/r/216443697256/u/49/f/647410/c/35028/s/4226a01d/sc/14/rc/1/rc.img"" border=""0""/></a><br/><a href=""http://da.feedsportal.com/r/216443697256/u/49/f/647410/c/35028/s/4226a01d/sc/14/rc/2/rc.htm"" rel=""nofollow""><img src=""http://da.feedsportal.com/r/216443697256/u/49/f/647410/c/35028/s/4226a01d/sc/14/rc/2/rc.img"" border=""0""/></a><br/><a href=""http://da.feedsportal.com/r/216443697256/u/49/f/647410/c/35028/s/4226a01d/sc/14/rc/3/rc.htm"" rel=""nofollow""><img src=""http://da.feedsportal.com/r/216443697256/u/49/f/647410/c/35028/s/4226a01d/sc/14/rc/3/rc.img"" border=""0""/></a><br/><br/><a href=""http://da.feedsportal.com/r/216443697256/u/49/f/647410/c/35028/s/4226a01d/sc/14/a2.htm""><img src=""http://da.feedsportal.com/r/216443697256/u/49/f/647410/c/35028/s/4226a01d/sc/14/a2.img"" border=""0""/></a><img width=""1"" height=""1"" src=""http://pi.feedsportal.com/r/216443697256/u/49/f/647410/c/35028/s/4226a01d/sc/14/a2t.img"" border=""0""/><img src=""//feeds.feedburner.com/~r/Slashdot/slashdot/~4/W0lBvOxASaA"" height=""1"" width=""1"" alt=""""/>"
OpenBSD Releases a Portable Version of OpenNTPD,http://rss.slashdot.org/~r/Slashdot/slashdot/~3/NJ1R-3x9MVI/story01.htm,"Noryungi (70322) writes Theo De Raadt roundly criticized NTP due to its recent security advisories, and pointed out that OpenBSD OpenNTPD was not vulnerable. However, it also had not been made portable to other OS in a long time. Brent Cook, also known for his work on the portable version of LibreSSL (OpenBSD cleanup and refactoring of OpenSSL) decided to take the matter in his own hands and released a new portable version of OpenNTPD. Everyone rejoice, compile and report issues!<p><div class=""share_submission"" style=""position:relative;""> <a class=""slashpop"" href=""http://twitter.com/home?status=OpenBSD+Releases+a+Portable+Version+of+OpenNTPD%3A+http%3A%2F%2Fbit.ly%2F1I1mFAZ""><img src=""http://a.fsdn.com/sd/twitter_icon_large.png""></a> <a class=""slashpop"" href=""http://www.facebook.com/sharer.php?u=http%3A%2F%2Fit.slashdot.org%2Fstory%2F15%2F01%2F09%2F1335229%2Fopenbsd-releases-a-portable-version-of-openntpd%3Futm_source%3Dslashdot%26utm_medium%3Dfacebook""><img src=""http://a.fsdn.com/sd/facebook_icon_large.png""></a> <a class=""nobg"" href=""http://plus.google.com/share?url=http://it.slashdot.org/story/15/01/09/1335229/openbsd-releases-a-portable-version-of-openntpd?utm_source=slashdot&amp;utm_medium=googleplus"" onclick=""javascript:window.open(this.href,'', 'menubar=no,toolbar=no,resizable=yes,scrollbars=yes,height=600,width=600');return false;""><img src=""http://www.gstatic.com/images/icons/gplus-16.png"" alt=""Share on Google+""/></a> </div></p><p><a href=""http://it.slashdot.org/story/15/01/09/1335229/openbsd-releases-a-portable-version-of-openntpd?utm_source=rss1.0moreanon&amp;utm_medium=feed"">Read more of this story</a> at Slashdot.</p><iframe src=""http://slashdot.org/slashdot-it.pl?op=discuss&amp;id=6686465&amp;smallembed=1"" style=""height: 300px; width: 100%; border: none;""></iframe><img width='1' height='1' src='http://slashdot.feedsportal.com/c/35028/f/647410/s/4228214c/sc/10/mf.gif' border='0'/><br clear='all'/><br/><br/><a href=""http://da.feedsportal.com/r/216443634943/u/49/f/647410/c/35028/s/4228214c/sc/10/rc/1/rc.htm"" rel=""nofollow""><img src=""http://da.feedsportal.com/r/216443634943/u/49/f/647410/c/35028/s/4228214c/sc/10/rc/1/rc.img"" border=""0""/></a><br/><a href=""http://da.feedsportal.com/r/216443634943/u/49/f/647410/c/35028/s/4228214c/sc/10/rc/2/rc.htm"" rel=""nofollow""><img src=""http://da.feedsportal.com/r/216443634943/u/49/f/647410/c/35028/s/4228214c/sc/10/rc/2/rc.img"" border=""0""/></a><br/><a href=""http://da.feedsportal.com/r/216443634943/u/49/f/647410/c/35028/s/4228214c/sc/10/rc/3/rc.htm"" rel=""nofollow""><img src=""http://da.feedsportal.com/r/216443634943/u/49/f/647410/c/35028/s/4228214c/sc/10/rc/3/rc.img"" border=""0""/></a><br/><br/><a href=""http://da.feedsportal.com/r/216443634943/u/49/f/647410/c/35028/s/4228214c/sc/10/a2.htm""><img src=""http://da.feedsportal.com/r/216443634943/u/49/f/647410/c/35028/s/4228214c/sc/10/a2.img"" border=""0""/></a><img width=""1"" height=""1"" src=""http://pi.feedsportal.com/r/216443634943/u/49/f/647410/c/35028/s/4228214c/sc/10/a2t.img"" border=""0""/><img src=""//feeds.feedburner.com/~r/Slashdot/slashdot/~4/NJ1R-3x9MVI"" height=""1"" width=""1"" alt=""""/>"
OpenSSL Patches Eight New Vulnerabilities,http://rss.slashdot.org/~r/Slashdot/slashdot/~3/j4KRdVTikiM/story01.htm,"itwbennett writes: Server administrators are advised to upgrade OpenSSL again to fix eight new vulnerabilities, two of which can lead to denial-of-service (DoS) attacks. Although the flaws are only of moderate and low severity, ""system administrators should plan to upgrade their running OpenSSL server instances in the coming days,"" said Tod Beardsley, engineering manager at vulnerability intelligence firm Rapid7.<p><div class=""share_submission"" style=""position:relative;""> <a class=""slashpop"" href=""http://twitter.com/home?status=OpenSSL+Patches+Eight+New+Vulnerabilities%3A+http%3A%2F%2Fbit.ly%2F1Azs6nf""><img src=""http://a.fsdn.com/sd/twitter_icon_large.png""></a> <a class=""slashpop"" href=""http://www.facebook.com/sharer.php?u=http%3A%2F%2Fit.slashdot.org%2Fstory%2F15%2F01%2F10%2F0342234%2Fopenssl-patches-eight-new-vulnerabilities%3Futm_source%3Dslashdot%26utm_medium%3Dfacebook""><img src=""http://a.fsdn.com/sd/facebook_icon_large.png""></a> <a class=""nobg"" href=""http://plus.google.com/share?url=http://it.slashdot.org/story/15/01/10/0342234/openssl-patches-eight-new-vulnerabilities?utm_source=slashdot&amp;utm_medium=googleplus"" onclick=""javascript:window.open(this.href,'', 'menubar=no,toolbar=no,resizable=yes,scrollbars=yes,height=600,width=600');return false;""><img src=""http://www.gstatic.com/images/icons/gplus-16.png"" alt=""Share on Google+""/></a> </div></p><p><a href=""http://it.slashdot.org/story/15/01/10/0342234/openssl-patches-eight-new-vulnerabilities?utm_source=rss1.0moreanon&amp;utm_medium=feed"">Read more of this story</a> at Slashdot.</p><iframe src=""http://slashdot.org/slashdot-it.pl?op=discuss&amp;id=6690257&amp;smallembed=1"" style=""height: 300px; width: 100%; border: none;""></iframe><img width='1' height='1' src='http://slashdot.feedsportal.com/c/35028/f/647410/s/422d3221/sc/4/mf.gif' border='0'/><br clear='all'/><br/><br/><a href=""http://da.feedsportal.com/r/216443724592/u/49/f/647410/c/35028/s/422d3221/sc/4/rc/1/rc.htm"" rel=""nofollow""><img src=""http://da.feedsportal.com/r/216443724592/u/49/f/647410/c/35028/s/422d3221/sc/4/rc/1/rc.img"" border=""0""/></a><br/><a href=""http://da.feedsportal.com/r/216443724592/u/49/f/647410/c/35028/s/422d3221/sc/4/rc/2/rc.htm"" rel=""nofollow""><img src=""http://da.feedsportal.com/r/216443724592/u/49/f/647410/c/35028/s/422d3221/sc/4/rc/2/rc.img"" border=""0""/></a><br/><a href=""http://da.feedsportal.com/r/216443724592/u/49/f/647410/c/35028/s/422d3221/sc/4/rc/3/rc.htm"" rel=""nofollow""><img src=""http://da.feedsportal.com/r/216443724592/u/49/f/647410/c/35028/s/422d3221/sc/4/rc/3/rc.img"" border=""0""/></a><br/><br/><a href=""http://da.feedsportal.com/r/216443724592/u/49/f/647410/c/35028/s/422d3221/sc/4/a2.htm""><img src=""http://da.feedsportal.com/r/216443724592/u/49/f/647410/c/35028/s/422d3221/sc/4/a2.img"" border=""0""/></a><img width=""1"" height=""1"" src=""http://pi.feedsportal.com/r/216443724592/u/49/f/647410/c/35028/s/422d3221/sc/4/a2t.img"" border=""0""/><img src=""//feeds.feedburner.com/~r/Slashdot/slashdot/~4/j4KRdVTikiM"" height=""1"" width=""1"" alt=""""/>"
"Rave Drug ""Special K"" Holds Promise for Treating Depression Fast (Scientific American)",http://news.feedzilla.com/en_us/stories/science/414475032?client_source=api&format=json,"Companies and clinicians turn to ketamine to treat mental-health disorder as
pipeline of new drugs dries up


-- Read more on ScientificAmerican.com

"
Scientists: Great Lakes teeming with tiny plastic fibers (The Arizona Republic),http://news.feedzilla.com/en_us/stories/science/414717256?client_source=api&format=json,"TRAVERSE CITY, Mich. (AP) -- Scientists who have reported that the Great Lakes
are awash in tiny bits of plastic are raising new alarms about a little-
noticed form of the debris turning up in sampling nets: synthetic fibers from
garments, cleaning cloths and other consumer products....

"
Stephen Hawking Is Celebrating His Birthday and a Golden Globe Nod (TIME),http://news.feedzilla.com/en_us/stories/science/414547006?client_source=api&format=json,"The famed theoretical physicist turned 73 on Thursday

"
Virgin Galactic Test Flights To Restart This Year,http://rss.slashdot.org/~r/Slashdot/slashdot/~3/6jD-vf6PxGw/story01.htm,"astroengine writes: Test flights of Virgin Galactic's SpaceShipTwo are on schedule to begin again this year &ndash; this time with its own pilots, the chief executive of Richard Branson's space startup said Friday. The first in a series of planned passenger spaceships was destroyed on Oct. 31, 2014, during a fatal test flight being conducted by manufacturer Scaled Composites. The National Transportation Safety Board, which is investigating the accident, determined that co-pilot Michael Alsbury, who died in the crash, released the ship's moveable tail section early. The vehicle was not traveling fast enough for aerodynamic forces to keep the so-called ""feather"" pinned in place, as designs called for. As a result, the ship was torn apart, jettisoning pilot Pete Siebold in the process, who managed to parachute to safety.<p><div class=""share_submission"" style=""position:relative;""> <a class=""slashpop"" href=""http://twitter.com/home?status=Virgin+Galactic+Test+Flights+To+Restart+This+Year%3A+http%3A%2F%2Fbit.ly%2F17reQYz""><img src=""http://a.fsdn.com/sd/twitter_icon_large.png""></a> <a class=""slashpop"" href=""http://www.facebook.com/sharer.php?u=http%3A%2F%2Fnews.slashdot.org%2Fstory%2F15%2F01%2F09%2F2218232%2Fvirgin-galactic-test-flights-to-restart-this-year%3Futm_source%3Dslashdot%26utm_medium%3Dfacebook""><img src=""http://a.fsdn.com/sd/facebook_icon_large.png""></a> <a class=""nobg"" href=""http://plus.google.com/share?url=http://news.slashdot.org/story/15/01/09/2218232/virgin-galactic-test-flights-to-restart-this-year?utm_source=slashdot&amp;utm_medium=googleplus"" onclick=""javascript:window.open(this.href,'', 'menubar=no,toolbar=no,resizable=yes,scrollbars=yes,height=600,width=600');return false;""><img src=""http://www.gstatic.com/images/icons/gplus-16.png"" alt=""Share on Google+""/></a> </div></p><p><a href=""http://news.slashdot.org/story/15/01/09/2218232/virgin-galactic-test-flights-to-restart-this-year?utm_source=rss1.0moreanon&amp;utm_medium=feed"">Read more of this story</a> at Slashdot.</p><iframe src=""http://slashdot.org/slashdot-it.pl?op=discuss&amp;id=6688801&amp;smallembed=1"" style=""height: 300px; width: 100%; border: none;""></iframe><img width='1' height='1' src='http://slashdot.feedsportal.com/c/35028/f/647410/s/422c8411/sc/39/mf.gif' border='0'/><br clear='all'/><br/><br/><a href=""http://da.feedsportal.com/r/216443650638/u/49/f/647410/c/35028/s/422c8411/sc/39/rc/1/rc.htm"" rel=""nofollow""><img src=""http://da.feedsportal.com/r/216443650638/u/49/f/647410/c/35028/s/422c8411/sc/39/rc/1/rc.img"" border=""0""/></a><br/><a href=""http://da.feedsportal.com/r/216443650638/u/49/f/647410/c/35028/s/422c8411/sc/39/rc/2/rc.htm"" rel=""nofollow""><img src=""http://da.feedsportal.com/r/216443650638/u/49/f/647410/c/35028/s/422c8411/sc/39/rc/2/rc.img"" border=""0""/></a><br/><a href=""http://da.feedsportal.com/r/216443650638/u/49/f/647410/c/35028/s/422c8411/sc/39/rc/3/rc.htm"" rel=""nofollow""><img src=""http://da.feedsportal.com/r/216443650638/u/49/f/647410/c/35028/s/422c8411/sc/39/rc/3/rc.img"" border=""0""/></a><br/><br/><a href=""http://da.feedsportal.com/r/216443650638/u/49/f/647410/c/35028/s/422c8411/sc/39/a2.htm""><img src=""http://da.feedsportal.com/r/216443650638/u/49/f/647410/c/35028/s/422c8411/sc/39/a2.img"" border=""0""/></a><img width=""1"" height=""1"" src=""http://pi.feedsportal.com/r/216443650638/u/49/f/647410/c/35028/s/422c8411/sc/39/a2t.img"" border=""0""/><img src=""//feeds.feedburner.com/~r/Slashdot/slashdot/~4/6jD-vf6PxGw"" height=""1"" width=""1"" alt=""""/>"
Why Graphene Oxide Thin Films Are Water Stable (pubs.acs),http://news.feedzilla.com/en_us/stories/science/414525187?client_source=api&format=json,"Materials: Overlooked metal contamination strengthens membranes

"
Why the Silk Road Trial Matters (bioethicscom),http://news.feedzilla.com/en_us/stories/science/414669888?client_source=api&format=json,"(Wired) - Ross Ulbricht is finally getting his day in court, 15 months after
plainclothes FBI agents grabbed him in the science fiction section of a San
Francisco library and accused him of running the billion-dollar online drug
bazaar known … Read More

"
